 'Nathan Lemaire', 'male', 'nathan.lemaire@example.com', 'callum', 35, 'https://randomuser.me/api/portraits/men/5.jpg', 'Besançon', '1987-01-20T11:32:33.396Z', '05-26-18-01-37' ,
 'Doğan Gankema', 'male', 'dogan.gankema@example.com', 'rascal', 38, 'https://randomuser.me/api/portraits/men/86.jpg', 'Woudbloem', '1984-04-15T19:44:26.045Z', '(017 , 4050022' ,
 'Kajus Ulleberg', 'male', 'kajus.ulleberg@example.com', 'bruce', 77, 'https://randomuser.me/api/portraits/men/41.jpg', 'Stjørdalshalsen', '1945-04-15T09:34:19.942Z', '72822411' ,
 'Molly Smith', 'female', 'molly.smith@example.com', 'astro', 36, 'https://randomuser.me/api/portraits/women/60.jpg', 'Napier', '1986-05-17T16:48:20.587Z', '(112 ,-823-2611' ,
 'Brian Morris', 'male', 'brian.morris@example.com', 'peewee', 73, 'https://randomuser.me/api/portraits/men/34.jpg', 'Ripon', '1949-10-30T09:54:36.687Z', '015396 87707' ,
 'Aurélien Andre', 'male', 'aurelien.andre@example.com', '909090', 34, 'https://randomuser.me/api/portraits/men/62.jpg', 'Angers', '1988-08-19T02:56:13.391Z', '01-23-02-40-37' ,
 'Sabrina Kirkeby', 'female', 'sabrina.kirkeby@example.com', 'dudley', 50, 'https://randomuser.me/api/portraits/women/27.jpg', 'Klæbu', '1972-04-19T14:47:51.697Z', '32161505' ,
 'پرنیا نكو نظر', 'female', 'prny.nkwnzr@example.com', 'drive', 27, 'https://randomuser.me/api/portraits/women/48.jpg', 'ورامین', '1995-10-13T00:36:40.867Z', '090-08753429' ,
 'سهیل کوتی', 'male', 'shyl.khwty@example.com', 'painting', 32, 'https://randomuser.me/api/portraits/men/66.jpg', 'تبریز', '1990-12-12T00:52:29.261Z', '027-78155302' ,
'Sofie Olsen', 'female', 'sofie.olsen@example.com', 'sylvia', 54, 'https://randomuser.me/api/portraits/women/70.jpg', 'Kvistgaard', '1968-01-18T15:49:12.610Z', '11710343' ,
